scenario,H_opt,L_opt,C_opt,U_opt
baseline,10,6.0,520.5,87.3198418498697
wage_plus_10pct,10,6.0,573.95,92.59444571726247
V_plus_10,9,7.0,479.05,88.36244466593375
